,FileAddress,sequence name,img name,SpatRx,SpatRy,Slicethick,Goasting,tSNR (Averaged Brain ROI),Displacement factor (std of Mutual information)
0,/Volumes/Publications/2023_Kalantari_AIDAqc/inputs/mri/new_studies/Ramos-Cabrer/RamosCabrer_6/20190417_115136_AE0818_rs_Cup_4_1_4/9,<BRUKER:EPI><T2STAR_FID_EPI_SAT>,rsfMRI_20190417_115136_AE0818_rs_Cup_4_1_4_1.png,0.18229167,0.18229167,0.6,False,34.258240025920436,0.020275995085424388
1,/Volumes/Publications/2023_Kalantari_AIDAqc/inputs/mri/new_studies/Ramos-Cabrer/RamosCabrer_6/20190417_115136_AE0818_rs_Cup_4_1_4/10,<BRUKER:EPI><T2STAR_FID_EPI_SAT>,rsfMRI_20190417_115136_AE0818_rs_Cup_4_1_4_2.png,0.18229167,0.18229167,0.6,False,34.324500339452555,0.005305639768808697
2,/Volumes/Publications/2023_Kalantari_AIDAqc/inputs/mri/new_studies/Ramos-Cabrer/RamosCabrer_6/20190417_115136_AE0818_rs_Cup_4_1_4/8,<BRUKER:EPI><T2STAR_FID_EPI_SAT>,rsfMRI_20190417_115136_AE0818_rs_Cup_4_1_4_3.png,0.18229167,0.18229167,0.6,False,20.204914437155214,0.041260033801533
3,/Volumes/Publications/2023_Kalantari_AIDAqc/inputs/mri/new_studies/Ramos-Cabrer/RamosCabrer_6/20190403_101323_AE0818_rs_Cup_4_1_3/11,<BRUKER:EPI><T2STAR_FID_EPI_SAT>,rsfMRI_20190403_101323_AE0818_rs_Cup_4_1_3_4.png,0.18229167,0.18229167,0.6,False,33.10067396282087,0.01735432136675681
4,/Volumes/Publications/2023_Kalantari_AIDAqc/inputs/mri/new_studies/Ramos-Cabrer/RamosCabrer_6/20190403_101323_AE0818_rs_Cup_4_1_3/10,<BRUKER:EPI><T2STAR_FID_EPI_SAT>,rsfMRI_20190403_101323_AE0818_rs_Cup_4_1_3_5.png,0.18229167,0.18229167,0.6,False,33.313576260246094,0.014359060198324253
5,/Volumes/Publications/2023_Kalantari_AIDAqc/inputs/mri/new_studies/Ramos-Cabrer/RamosCabrer_6/20190403_101323_AE0818_rs_Cup_4_1_3/8,<BRUKER:EPI><T2STAR_FID_EPI_SAT>,rsfMRI_20190403_101323_AE0818_rs_Cup_4_1_3_6.png,0.18229167,0.18229167,0.6,False,18.759376951832163,0.012667332435249697
6,/Volumes/Publications/2023_Kalantari_AIDAqc/inputs/mri/new_studies/Ramos-Cabrer/RamosCabrer_6/20190312_102154_AE0818_rs_Cup_3_1_2/9,<BRUKER:EPI><T2STAR_FID_EPI_SAT>,rsfMRI_20190312_102154_AE0818_rs_Cup_3_1_2_7.png,0.18229167,0.18229167,0.6,False,34.41752556687138,0.010839238273516419
7,/Volumes/Publications/2023_Kalantari_AIDAqc/inputs/mri/new_studies/Ramos-Cabrer/RamosCabrer_6/20190312_102154_AE0818_rs_Cup_3_1_2/10,<BRUKER:EPI><T2STAR_FID_EPI_SAT>,rsfMRI_20190312_102154_AE0818_rs_Cup_3_1_2_8.png,0.18229167,0.18229167,0.6,False,34.28607780377876,0.011408370009600557
8,/Volumes/Publications/2023_Kalantari_AIDAqc/inputs/mri/new_studies/Ramos-Cabrer/RamosCabrer_6/20190312_102154_AE0818_rs_Cup_3_1_2/8,<BRUKER:EPI><T2STAR_FID_EPI_SAT>,rsfMRI_20190312_102154_AE0818_rs_Cup_3_1_2_9.png,0.18229167,0.18229167,0.6,False,18.958455869110345,0.004655775342641091
9,/Volumes/Publications/2023_Kalantari_AIDAqc/inputs/mri/new_studies/Ramos-Cabrer/RamosCabrer_6/20190403_125557_AE0818_rs_Cup_5_1_3/9,<BRUKER:EPI><T2STAR_FID_EPI_SAT>,rsfMRI_20190403_125557_AE0818_rs_Cup_5_1_3_10.png,0.18229167,0.18229167,0.6,False,33.658228714280945,0.009691017762222417
10,/Volumes/Publications/2023_Kalantari_AIDAqc/inputs/mri/new_studies/Ramos-Cabrer/RamosCabrer_6/20190403_125557_AE0818_rs_Cup_5_1_3/10,<BRUKER:EPI><T2STAR_FID_EPI_SAT>,rsfMRI_20190403_125557_AE0818_rs_Cup_5_1_3_11.png,0.18229167,0.18229167,0.6,False,33.686439852626265,0.008937590616041265
11,/Volumes/Publications/2023_Kalantari_AIDAqc/inputs/mri/new_studies/Ramos-Cabrer/RamosCabrer_6/20190403_125557_AE0818_rs_Cup_5_1_3/8,<BRUKER:EPI><T2STAR_FID_EPI_SAT>,rsfMRI_20190403_125557_AE0818_rs_Cup_5_1_3_12.png,0.18229167,0.18229167,0.6,False,18.91836058583795,0.01338885042315883
12,/Volumes/Publications/2023_Kalantari_AIDAqc/inputs/mri/new_studies/Ramos-Cabrer/RamosCabrer_6/20190226_150008_AE0818_rs_Cup_5_1_1/9,<BRUKER:EPI><T2STAR_FID_EPI_SAT>,rsfMRI_20190226_150008_AE0818_rs_Cup_5_1_1_13.png,0.18229167,0.18229167,0.6,False,34.80033489259662,0.007491304113659918
13,/Volumes/Publications/2023_Kalantari_AIDAqc/inputs/mri/new_studies/Ramos-Cabrer/RamosCabrer_6/20190226_150008_AE0818_rs_Cup_5_1_1/10,<BRUKER:EPI><T2STAR_FID_EPI_SAT>,rsfMRI_20190226_150008_AE0818_rs_Cup_5_1_1_14.png,0.18229167,0.18229167,0.6,False,34.70865963378823,0.006603977978912453
14,/Volumes/Publications/2023_Kalantari_AIDAqc/inputs/mri/new_studies/Ramos-Cabrer/RamosCabrer_6/20190226_150008_AE0818_rs_Cup_5_1_1/8,<BRUKER:EPI><T2STAR_FID_EPI_SAT>,rsfMRI_20190226_150008_AE0818_rs_Cup_5_1_1_15.png,0.18229167,0.18229167,0.6,False,19.01343664007755,0.007092269752765622
15,/Volumes/Publications/2023_Kalantari_AIDAqc/inputs/mri/new_studies/Ramos-Cabrer/RamosCabrer_6/20191106_132441_AE0818_rs_Cup_17_1_2/9,<BRUKER:EPI><T2STAR_FID_EPI_SAT>,rsfMRI_20191106_132441_AE0818_rs_Cup_17_1_2_16.png,0.18229167,0.18229167,0.6,False,32.106008589327274,0.015950794553114347
16,/Volumes/Publications/2023_Kalantari_AIDAqc/inputs/mri/new_studies/Ramos-Cabrer/RamosCabrer_6/20191106_132441_AE0818_rs_Cup_17_1_2/10,<BRUKER:EPI><T2STAR_FID_EPI_SAT>,rsfMRI_20191106_132441_AE0818_rs_Cup_17_1_2_17.png,0.18229167,0.18229167,0.6,False,32.050874188404215,0.010219677324465005
17,/Volumes/Publications/2023_Kalantari_AIDAqc/inputs/mri/new_studies/Ramos-Cabrer/RamosCabrer_6/20191106_132441_AE0818_rs_Cup_17_1_2/8,<BRUKER:EPI><T2STAR_FID_EPI_SAT>,rsfMRI_20191106_132441_AE0818_rs_Cup_17_1_2_18.png,0.18229167,0.18229167,0.6,False,19.381380715288874,0.007623396156444798
18,/Volumes/Publications/2023_Kalantari_AIDAqc/inputs/mri/new_studies/Ramos-Cabrer/RamosCabrer_6/20190417_123512_AE0818_rs_Cup_19_1_4/9,<BRUKER:EPI><T2STAR_FID_EPI_SAT>,rsfMRI_20190417_123512_AE0818_rs_Cup_19_1_4_19.png,0.18229167,0.18229167,0.6,False,19.2631921509627,0.010219013398251667
19,/Volumes/Publications/2023_Kalantari_AIDAqc/inputs/mri/new_studies/Ramos-Cabrer/RamosCabrer_6/20190417_123512_AE0818_rs_Cup_19_1_4/11,<BRUKER:EPI><T2STAR_FID_EPI_SAT>,rsfMRI_20190417_123512_AE0818_rs_Cup_19_1_4_20.png,0.18229167,0.18229167,0.6,False,34.310301484806246,0.006950596668189109
20,/Volumes/Publications/2023_Kalantari_AIDAqc/inputs/mri/new_studies/Ramos-Cabrer/RamosCabrer_6/20190417_123512_AE0818_rs_Cup_19_1_4/10,<BRUKER:EPI><T2STAR_FID_EPI_SAT>,rsfMRI_20190417_123512_AE0818_rs_Cup_19_1_4_21.png,0.18229167,0.18229167,0.6,False,34.167465738218375,0.013391758530787388
21,/Volumes/Publications/2023_Kalantari_AIDAqc/inputs/mri/new_studies/Ramos-Cabrer/RamosCabrer_6/20190417_150938_AE0818_rs_Cup_1_1_5/9,<BRUKER:EPI><T2STAR_FID_EPI_SAT>,rsfMRI_20190417_150938_AE0818_rs_Cup_1_1_5_22.png,0.18229167,0.18229167,0.6,False,32.73105923557111,0.03433750489054532
22,/Volumes/Publications/2023_Kalantari_AIDAqc/inputs/mri/new_studies/Ramos-Cabrer/RamosCabrer_6/20190417_150938_AE0818_rs_Cup_1_1_5/8,<BRUKER:EPI><T2STAR_FID_EPI_SAT>,rsfMRI_20190417_150938_AE0818_rs_Cup_1_1_5_23.png,0.18229167,0.18229167,0.6,False,18.32200523827402,0.13480833616006488
23,/Volumes/Publications/2023_Kalantari_AIDAqc/inputs/mri/new_studies/Ramos-Cabrer/RamosCabrer_6/20190403_091901_AE0818_rs_Cup_2_1_3/9,<BRUKER:EPI><T2STAR_FID_EPI_SAT>,rsfMRI_20190403_091901_AE0818_rs_Cup_2_1_3_24.png,0.18229167,0.18229167,0.6,False,34.02469355665286,0.011543636039284766
24,/Volumes/Publications/2023_Kalantari_AIDAqc/inputs/mri/new_studies/Ramos-Cabrer/RamosCabrer_6/20190403_091901_AE0818_rs_Cup_2_1_3/11,<BRUKER:EPI><T2STAR_FID_EPI_SAT>,rsfMRI_20190403_091901_AE0818_rs_Cup_2_1_3_25.png,0.18229167,0.18229167,0.6,False,33.896921209628054,0.00935138231951572
25,/Volumes/Publications/2023_Kalantari_AIDAqc/inputs/mri/new_studies/Ramos-Cabrer/RamosCabrer_6/20190403_091901_AE0818_rs_Cup_2_1_3/8,<BRUKER:EPI><T2STAR_FID_EPI_SAT>,rsfMRI_20190403_091901_AE0818_rs_Cup_2_1_3_26.png,0.18229167,0.18229167,0.6,False,19.099806256406694,0.020781006317576883
26,/Volumes/Publications/2023_Kalantari_AIDAqc/inputs/mri/new_studies/Ramos-Cabrer/RamosCabrer_6/20190226_160848_AE0818_rs_Cup_19_1_1/9,<BRUKER:EPI><T2STAR_FID_EPI_SAT>,rsfMRI_20190226_160848_AE0818_rs_Cup_19_1_1_27.png,0.18229167,0.18229167,0.6,False,33.40835141247942,0.011521098358926363
27,/Volumes/Publications/2023_Kalantari_AIDAqc/inputs/mri/new_studies/Ramos-Cabrer/RamosCabrer_6/20190226_160848_AE0818_rs_Cup_19_1_1/10,<BRUKER:EPI><T2STAR_FID_EPI_SAT>,rsfMRI_20190226_160848_AE0818_rs_Cup_19_1_1_28.png,0.18229167,0.18229167,0.6,False,33.35356480579787,0.010926886071833432
28,/Volumes/Publications/2023_Kalantari_AIDAqc/inputs/mri/new_studies/Ramos-Cabrer/RamosCabrer_6/20190226_160848_AE0818_rs_Cup_19_1_1/8,<BRUKER:EPI><T2STAR_FID_EPI_SAT>,rsfMRI_20190226_160848_AE0818_rs_Cup_19_1_1_29.png,0.18229167,0.18229167,0.6,False,18.998886816986694,0.011121491381426585
29,/Volumes/Publications/2023_Kalantari_AIDAqc/inputs/mri/new_studies/Ramos-Cabrer/RamosCabrer_6/20191125_102042_AE0818_rs_Cup_19_1_7/9,<BRUKER:EPI><T2STAR_FID_EPI_SAT>,rsfMRI_20191125_102042_AE0818_rs_Cup_19_1_7_30.png,0.18229167,0.18229167,0.6,False,27.76087521494134,0.10307294351180826
30,/Volumes/Publications/2023_Kalantari_AIDAqc/inputs/mri/new_studies/Ramos-Cabrer/RamosCabrer_6/20191125_102042_AE0818_rs_Cup_19_1_7/10,<BRUKER:EPI><T2STAR_FID_EPI_SAT>,rsfMRI_20191125_102042_AE0818_rs_Cup_19_1_7_31.png,0.18229167,0.18229167,0.6,False,30.153310733308455,0.03910116517115914
31,/Volumes/Publications/2023_Kalantari_AIDAqc/inputs/mri/new_studies/Ramos-Cabrer/RamosCabrer_6/20191125_102042_AE0818_rs_Cup_19_1_7/8,<BRUKER:EPI><T2STAR_FID_EPI_SAT>,rsfMRI_20191125_102042_AE0818_rs_Cup_19_1_7_32.png,0.18229167,0.18229167,0.6,False,19.513180031539733,0.08635066803993671
32,/Volumes/Publications/2023_Kalantari_AIDAqc/inputs/mri/new_studies/Ramos-Cabrer/RamosCabrer_6/20190508_082135_AE0818_rs_Cup_1_1_6/16,<BRUKER:EPI><T2STAR_FID_EPI_SAT>,rsfMRI_20190508_082135_AE0818_rs_Cup_1_1_6_33.png,0.18229167,0.18229167,0.6,False,33.72798950389959,0.008229587854788832
33,/Volumes/Publications/2023_Kalantari_AIDAqc/inputs/mri/new_studies/Ramos-Cabrer/RamosCabrer_6/20190508_082135_AE0818_rs_Cup_1_1_6/13,<BRUKER:EPI><T2STAR_FID_EPI_SAT>,rsfMRI_20190508_082135_AE0818_rs_Cup_1_1_6_34.png,0.18229167,0.18229167,0.6,False,18.571807819921055,0.030223911141812623
34,/Volumes/Publications/2023_Kalantari_AIDAqc/inputs/mri/new_studies/Ramos-Cabrer/RamosCabrer_6/20190312_120532_AE0818_rs_Cup_4_1_2/9,<BRUKER:EPI><T2STAR_FID_EPI_SAT>,rsfMRI_20190312_120532_AE0818_rs_Cup_4_1_2_35.png,0.18229167,0.18229167,0.6,False,34.009957654293565,0.009506263476994922
35,/Volumes/Publications/2023_Kalantari_AIDAqc/inputs/mri/new_studies/Ramos-Cabrer/RamosCabrer_6/20190312_120532_AE0818_rs_Cup_4_1_2/10,<BRUKER:EPI><T2STAR_FID_EPI_SAT>,rsfMRI_20190312_120532_AE0818_rs_Cup_4_1_2_36.png,0.18229167,0.18229167,0.6,False,34.01682990824286,0.009826633377140353
36,/Volumes/Publications/2023_Kalantari_AIDAqc/inputs/mri/new_studies/Ramos-Cabrer/RamosCabrer_6/20190312_120532_AE0818_rs_Cup_4_1_2/8,<BRUKER:EPI><T2STAR_FID_EPI_SAT>,rsfMRI_20190312_120532_AE0818_rs_Cup_4_1_2_37.png,0.18229167,0.18229167,0.6,False,18.815047644057,0.009530902503415595
37,/Volumes/Publications/2023_Kalantari_AIDAqc/inputs/mri/new_studies/Ramos-Cabrer/RamosCabrer_6/20190403_081012_AE0818_rs_Cup_1_1_3/9,<BRUKER:EPI><T2STAR_FID_EPI_SAT>,rsfMRI_20190403_081012_AE0818_rs_Cup_1_1_3_38.png,0.18229167,0.18229167,0.6,False,18.729295876133243,0.004533088787773336
38,/Volumes/Publications/2023_Kalantari_AIDAqc/inputs/mri/new_studies/Ramos-Cabrer/RamosCabrer_6/20190403_081012_AE0818_rs_Cup_1_1_3/11,<BRUKER:EPI><T2STAR_FID_EPI_SAT>,rsfMRI_20190403_081012_AE0818_rs_Cup_1_1_3_39.png,0.18229167,0.18229167,0.6,False,32.48748218058349,0.01371899898250144
39,/Volumes/Publications/2023_Kalantari_AIDAqc/inputs/mri/new_studies/Ramos-Cabrer/RamosCabrer_6/20190403_081012_AE0818_rs_Cup_1_1_3/10,<BRUKER:EPI><T2STAR_FID_EPI_SAT>,rsfMRI_20190403_081012_AE0818_rs_Cup_1_1_3_40.png,0.18229167,0.18229167,0.6,False,32.62643319869798,0.01645031024676507
40,/Volumes/Publications/2023_Kalantari_AIDAqc/inputs/mri/new_studies/Ramos-Cabrer/RamosCabrer_6/20191104_151132_AE0818_rs_Cup_4_1_6/9,<BRUKER:EPI><T2STAR_FID_EPI_SAT>,rsfMRI_20191104_151132_AE0818_rs_Cup_4_1_6_41.png,0.18229167,0.18229167,0.6,False,18.93339178246137,0.0028545517509146086
41,/Volumes/Publications/2023_Kalantari_AIDAqc/inputs/mri/new_studies/Ramos-Cabrer/RamosCabrer_6/20191104_151132_AE0818_rs_Cup_4_1_6/11,<BRUKER:EPI><T2STAR_FID_EPI_SAT>,rsfMRI_20191104_151132_AE0818_rs_Cup_4_1_6_42.png,0.18229167,0.18229167,0.6,False,31.109363703344567,0.013157251062062643
42,/Volumes/Publications/2023_Kalantari_AIDAqc/inputs/mri/new_studies/Ramos-Cabrer/RamosCabrer_6/20191104_151132_AE0818_rs_Cup_4_1_6/10,<BRUKER:EPI><T2STAR_FID_EPI_SAT>,rsfMRI_20191104_151132_AE0818_rs_Cup_4_1_6_43.png,0.18229167,0.18229167,0.6,False,31.538020598011922,0.020722992415078995
43,/Volumes/Publications/2023_Kalantari_AIDAqc/inputs/mri/new_studies/Ramos-Cabrer/RamosCabrer_6/20190225_110713_AE0818_rs_Cup_3_1_1/15,<BRUKER:EPI><T2STAR_FID_EPI_SAT>,rsfMRI_20190225_110713_AE0818_rs_Cup_3_1_1_44.png,0.18229167,0.18229167,0.6,False,34.33775811425204,0.005934255385427115
44,/Volumes/Publications/2023_Kalantari_AIDAqc/inputs/mri/new_studies/Ramos-Cabrer/RamosCabrer_6/20190225_110713_AE0818_rs_Cup_3_1_1/13,<BRUKER:EPI><T2STAR_FID_EPI_SAT>,rsfMRI_20190225_110713_AE0818_rs_Cup_3_1_1_45.png,0.18229167,0.18229167,0.6,False,19.226051948977414,0.005940285830802153
45,/Volumes/Publications/2023_Kalantari_AIDAqc/inputs/mri/new_studies/Ramos-Cabrer/RamosCabrer_6/20190225_110713_AE0818_rs_Cup_3_1_1/14,<BRUKER:EPI><T2STAR_FID_EPI_SAT>,rsfMRI_20190225_110713_AE0818_rs_Cup_3_1_1_46.png,0.18229167,0.18229167,0.6,False,34.35622564544663,0.006656781093465139
46,/Volumes/Publications/2023_Kalantari_AIDAqc/inputs/mri/new_studies/Ramos-Cabrer/RamosCabrer_6/20190508_141831_AE0818_rs_Cup_19_1_5/9,<BRUKER:EPI><T2STAR_FID_EPI_SAT>,rsfMRI_20190508_141831_AE0818_rs_Cup_19_1_5_47.png,0.18229167,0.18229167,0.6,False,33.53631893404865,0.029016512447886552
47,/Volumes/Publications/2023_Kalantari_AIDAqc/inputs/mri/new_studies/Ramos-Cabrer/RamosCabrer_6/20190508_141831_AE0818_rs_Cup_19_1_5/10,<BRUKER:EPI><T2STAR_FID_EPI_SAT>,rsfMRI_20190508_141831_AE0818_rs_Cup_19_1_5_48.png,0.18229167,0.18229167,0.6,False,33.999278238734426,0.01361209938157797
48,/Volumes/Publications/2023_Kalantari_AIDAqc/inputs/mri/new_studies/Ramos-Cabrer/RamosCabrer_6/20190508_141831_AE0818_rs_Cup_19_1_5/8,<BRUKER:EPI><T2STAR_FID_EPI_SAT>,rsfMRI_20190508_141831_AE0818_rs_Cup_19_1_5_49.png,0.18229167,0.18229167,0.6,False,19.389569611254935,0.008291804698916496
49,/Volumes/Publications/2023_Kalantari_AIDAqc/inputs/mri/new_studies/Ramos-Cabrer/RamosCabrer_6/20191106_141812_AE0818_rs_Cup_18_1_2/9,<BRUKER:EPI><T2STAR_FID_EPI_SAT>,rsfMRI_20191106_141812_AE0818_rs_Cup_18_1_2_50.png,0.18229167,0.18229167,0.6,False,31.424014280503002,0.023420811485888832
50,/Volumes/Publications/2023_Kalantari_AIDAqc/inputs/mri/new_studies/Ramos-Cabrer/RamosCabrer_6/20191106_141812_AE0818_rs_Cup_18_1_2/10,<BRUKER:EPI><T2STAR_FID_EPI_SAT>,rsfMRI_20191106_141812_AE0818_rs_Cup_18_1_2_51.png,0.18229167,0.18229167,0.6,False,31.551944912737824,0.02511235955210224
51,/Volumes/Publications/2023_Kalantari_AIDAqc/inputs/mri/new_studies/Ramos-Cabrer/RamosCabrer_6/20191106_141812_AE0818_rs_Cup_18_1_2/8,<BRUKER:EPI><T2STAR_FID_EPI_SAT>,rsfMRI_20191106_141812_AE0818_rs_Cup_18_1_2_52.png,0.18229167,0.18229167,0.6,False,17.827519452237247,0.17355102292051997
52,/Volumes/Publications/2023_Kalantari_AIDAqc/inputs/mri/new_studies/Ramos-Cabrer/RamosCabrer_6/20191105_083143_AE0818_rs_Cup_5_1_6/7,<BRUKER:EPI><T2STAR_FID_EPI_SAT>,rsfMRI_20191105_083143_AE0818_rs_Cup_5_1_6_53.png,0.18229167,0.18229167,0.6,False,23.430050217388793,0.12627057290863727
53,/Volumes/Publications/2023_Kalantari_AIDAqc/inputs/mri/new_studies/Ramos-Cabrer/RamosCabrer_6/20191105_083143_AE0818_rs_Cup_5_1_6/6,<BRUKER:EPI><T2STAR_FID_EPI_SAT>,rsfMRI_20191105_083143_AE0818_rs_Cup_5_1_6_54.png,0.18229167,0.18229167,0.6,False,19.038082847113877,0.05544524132543915
54,/Volumes/Publications/2023_Kalantari_AIDAqc/inputs/mri/new_studies/Ramos-Cabrer/RamosCabrer_6/20191105_083143_AE0818_rs_Cup_5_1_6/8,<BRUKER:EPI><T2STAR_FID_EPI_SAT>,rsfMRI_20191105_083143_AE0818_rs_Cup_5_1_6_55.png,0.18229167,0.18229167,0.6,False,23.074761181702865,0.1111734610818101
55,/Volumes/Publications/2023_Kalantari_AIDAqc/inputs/mri/new_studies/Ramos-Cabrer/RamosCabrer_6/20190225_100805_AE0818_rs_Cup_2_1_1/9,<BRUKER:EPI><T2STAR_FID_EPI_SAT>,rsfMRI_20190225_100805_AE0818_rs_Cup_2_1_1_56.png,0.18229167,0.18229167,0.6,False,33.12206716562534,0.015478355952400182
56,/Volumes/Publications/2023_Kalantari_AIDAqc/inputs/mri/new_studies/Ramos-Cabrer/RamosCabrer_6/20190225_100805_AE0818_rs_Cup_2_1_1/10,<BRUKER:EPI><T2STAR_FID_EPI_SAT>,rsfMRI_20190225_100805_AE0818_rs_Cup_2_1_1_57.png,0.18229167,0.18229167,0.6,False,33.226608314115744,0.027829572921845753
57,/Volumes/Publications/2023_Kalantari_AIDAqc/inputs/mri/new_studies/Ramos-Cabrer/RamosCabrer_6/20190225_100805_AE0818_rs_Cup_2_1_1/8,<BRUKER:EPI><T2STAR_FID_EPI_SAT>,rsfMRI_20190225_100805_AE0818_rs_Cup_2_1_1_58.png,0.18229167,0.18229167,0.6,False,17.282364315080898,0.10039125093833653
58,/Volumes/Publications/2023_Kalantari_AIDAqc/inputs/mri/new_studies/Ramos-Cabrer/RamosCabrer_6/20190312_082748_AE0818_rs_Cup_1_1_2/9,<BRUKER:EPI><T2STAR_FID_EPI_SAT>,rsfMRI_20190312_082748_AE0818_rs_Cup_1_1_2_59.png,0.18229167,0.18229167,0.6,False,33.98632481448362,0.010090710197988005
59,/Volumes/Publications/2023_Kalantari_AIDAqc/inputs/mri/new_studies/Ramos-Cabrer/RamosCabrer_6/20190312_082748_AE0818_rs_Cup_1_1_2/10,<BRUKER:EPI><T2STAR_FID_EPI_SAT>,rsfMRI_20190312_082748_AE0818_rs_Cup_1_1_2_60.png,0.18229167,0.18229167,0.6,False,33.87100211016826,0.010501257717574972
60,/Volumes/Publications/2023_Kalantari_AIDAqc/inputs/mri/new_studies/Ramos-Cabrer/RamosCabrer_6/20190312_082748_AE0818_rs_Cup_1_1_2/8,<BRUKER:EPI><T2STAR_FID_EPI_SAT>,rsfMRI_20190312_082748_AE0818_rs_Cup_1_1_2_61.png,0.18229167,0.18229167,0.6,False,18.867753269188206,0.012593397457762296
61,/Volumes/Publications/2023_Kalantari_AIDAqc/inputs/mri/new_studies/Ramos-Cabrer/RamosCabrer_6/20191104_092612_AE0818_rs_Cup_16_1_1/7,<BRUKER:EPI><T2STAR_FID_EPI_SAT>,rsfMRI_20191104_092612_AE0818_rs_Cup_16_1_1_62.png,0.18229167,0.18229167,0.6,False,18.79851833674549,0.017194504976030034
62,/Volumes/Publications/2023_Kalantari_AIDAqc/inputs/mri/new_studies/Ramos-Cabrer/RamosCabrer_6/20191104_092612_AE0818_rs_Cup_16_1_1/8,<BRUKER:EPI><T2STAR_FID_EPI_SAT>,rsfMRI_20191104_092612_AE0818_rs_Cup_16_1_1_63.png,0.18229167,0.18229167,0.6,False,30.931356264301705,0.01726010848657142
63,/Volumes/Publications/2023_Kalantari_AIDAqc/inputs/mri/new_studies/Ramos-Cabrer/RamosCabrer_6/20191125_112135_AE0818_rs_Cup_3_1_7/9,<BRUKER:EPI><T2STAR_FID_EPI_SAT>,rsfMRI_20191125_112135_AE0818_rs_Cup_3_1_7_64.png,0.18229167,0.18229167,0.6,False,27.903673704777475,0.052215866055770305
64,/Volumes/Publications/2023_Kalantari_AIDAqc/inputs/mri/new_studies/Ramos-Cabrer/RamosCabrer_6/20191125_112135_AE0818_rs_Cup_3_1_7/10,<BRUKER:EPI><T2STAR_FID_EPI_SAT>,rsfMRI_20191125_112135_AE0818_rs_Cup_3_1_7_65.png,0.18229167,0.18229167,0.6,False,27.591646028579344,0.05835475895165208
65,/Volumes/Publications/2023_Kalantari_AIDAqc/inputs/mri/new_studies/Ramos-Cabrer/RamosCabrer_6/20191125_112135_AE0818_rs_Cup_3_1_7/8,<BRUKER:EPI><T2STAR_FID_EPI_SAT>,rsfMRI_20191125_112135_AE0818_rs_Cup_3_1_7_66.png,0.18229167,0.18229167,0.6,False,17.917927342986655,0.04480445489678835
66,/Volumes/Publications/2023_Kalantari_AIDAqc/inputs/mri/new_studies/Ramos-Cabrer/RamosCabrer_6/20190508_123034_AE0818_rs_Cup_5_1_5/9,<BRUKER:EPI><T2STAR_FID_EPI_SAT>,rsfMRI_20190508_123034_AE0818_rs_Cup_5_1_5_67.png,0.18229167,0.18229167,0.6,False,33.782952382263936,0.01206387743541125
67,/Volumes/Publications/2023_Kalantari_AIDAqc/inputs/mri/new_studies/Ramos-Cabrer/RamosCabrer_6/20190508_123034_AE0818_rs_Cup_5_1_5/10,<BRUKER:EPI><T2STAR_FID_EPI_SAT>,rsfMRI_20190508_123034_AE0818_rs_Cup_5_1_5_68.png,0.18229167,0.18229167,0.6,False,34.12821941901226,0.009978368763299309
68,/Volumes/Publications/2023_Kalantari_AIDAqc/inputs/mri/new_studies/Ramos-Cabrer/RamosCabrer_6/20190508_123034_AE0818_rs_Cup_5_1_5/8,<BRUKER:EPI><T2STAR_FID_EPI_SAT>,rsfMRI_20190508_123034_AE0818_rs_Cup_5_1_5_69.png,0.18229167,0.18229167,0.6,False,19.905706292345535,0.011244971483329872
69,/Volumes/Publications/2023_Kalantari_AIDAqc/inputs/mri/new_studies/Ramos-Cabrer/RamosCabrer_6/20190508_113156_AE0818_rs_Cup_4_1_5/9,<BRUKER:EPI><T2STAR_FID_EPI_SAT>,rsfMRI_20190508_113156_AE0818_rs_Cup_4_1_5_70.png,0.18229167,0.18229167,0.6,False,34.57545243916655,0.013259250495327113
70,/Volumes/Publications/2023_Kalantari_AIDAqc/inputs/mri/new_studies/Ramos-Cabrer/RamosCabrer_6/20190508_113156_AE0818_rs_Cup_4_1_5/10,<BRUKER:EPI><T2STAR_FID_EPI_SAT>,rsfMRI_20190508_113156_AE0818_rs_Cup_4_1_5_71.png,0.18229167,0.18229167,0.6,False,34.65578636362907,0.014463368786129048
71,/Volumes/Publications/2023_Kalantari_AIDAqc/inputs/mri/new_studies/Ramos-Cabrer/RamosCabrer_6/20190508_113156_AE0818_rs_Cup_4_1_5/8,<BRUKER:EPI><T2STAR_FID_EPI_SAT>,rsfMRI_20190508_113156_AE0818_rs_Cup_4_1_5_72.png,0.18229167,0.18229167,0.6,False,19.73899709803617,0.0031444690291520345
72,/Volumes/Publications/2023_Kalantari_AIDAqc/inputs/mri/new_studies/Ramos-Cabrer/RamosCabrer_6/20190416_174125_AE0818_rs_Cup_3_1_4/9,<BRUKER:EPI><T2STAR_FID_EPI_SAT>,rsfMRI_20190416_174125_AE0818_rs_Cup_3_1_4_73.png,0.18229167,0.18229167,0.6,False,24.32374260739231,0.1367651261528741
73,/Volumes/Publications/2023_Kalantari_AIDAqc/inputs/mri/new_studies/Ramos-Cabrer/RamosCabrer_6/20190416_174125_AE0818_rs_Cup_3_1_4/10,<BRUKER:EPI><T2STAR_FID_EPI_SAT>,rsfMRI_20190416_174125_AE0818_rs_Cup_3_1_4_74.png,0.18229167,0.18229167,0.6,False,25.283386682011137,0.13553139097688163
74,/Volumes/Publications/2023_Kalantari_AIDAqc/inputs/mri/new_studies/Ramos-Cabrer/RamosCabrer_6/20190416_174125_AE0818_rs_Cup_3_1_4/8,<BRUKER:EPI><T2STAR_FID_EPI_SAT>,rsfMRI_20190416_174125_AE0818_rs_Cup_3_1_4_75.png,0.18229167,0.18229167,0.6,False,17.481124944870018,0.12573965493799286
75,/Volumes/Publications/2023_Kalantari_AIDAqc/inputs/mri/new_studies/Ramos-Cabrer/RamosCabrer_6/20190403_115731_AE0818_rs_Cup_3_1_3/11,<BRUKER:EPI><T2STAR_FID_EPI_SAT>,rsfMRI_20190403_115731_AE0818_rs_Cup_3_1_3_76.png,0.18229167,0.18229167,0.6,False,33.22068586549179,0.00869194780575127
76,/Volumes/Publications/2023_Kalantari_AIDAqc/inputs/mri/new_studies/Ramos-Cabrer/RamosCabrer_6/20190403_115731_AE0818_rs_Cup_3_1_3/8,<BRUKER:EPI><T2STAR_FID_EPI_SAT>,rsfMRI_20190403_115731_AE0818_rs_Cup_3_1_3_77.png,0.18229167,0.18229167,0.6,False,18.765958525366987,0.007345839716878496
77,/Volumes/Publications/2023_Kalantari_AIDAqc/inputs/mri/new_studies/Ramos-Cabrer/RamosCabrer_6/20190403_115731_AE0818_rs_Cup_3_1_3/12,<BRUKER:EPI><T2STAR_FID_EPI_SAT>,rsfMRI_20190403_115731_AE0818_rs_Cup_3_1_3_78.png,0.18229167,0.18229167,0.6,False,33.19726080475046,0.013432677951166351
78,/Volumes/Publications/2023_Kalantari_AIDAqc/inputs/mri/new_studies/Ramos-Cabrer/RamosCabrer_6/20191104_123823_AE0818_rs_Cup_2_1_6/11,<BRUKER:EPI><T2STAR_FID_EPI_SAT>,rsfMRI_20191104_123823_AE0818_rs_Cup_2_1_6_79.png,0.18229167,0.18229167,0.6,False,19.096282622968474,0.0046913088931962825
79,/Volumes/Publications/2023_Kalantari_AIDAqc/inputs/mri/new_studies/Ramos-Cabrer/RamosCabrer_6/20191104_123823_AE0818_rs_Cup_2_1_6/12,<BRUKER:EPI><T2STAR_FID_EPI_SAT>,rsfMRI_20191104_123823_AE0818_rs_Cup_2_1_6_80.png,0.18229167,0.18229167,0.6,False,31.662837194827542,0.019688100182938314
80,/Volumes/Publications/2023_Kalantari_AIDAqc/inputs/mri/new_studies/Ramos-Cabrer/RamosCabrer_6/20191104_123823_AE0818_rs_Cup_2_1_6/13,<BRUKER:EPI><T2STAR_FID_EPI_SAT>,rsfMRI_20191104_123823_AE0818_rs_Cup_2_1_6_81.png,0.18229167,0.18229167,0.6,False,31.538724980243277,0.017773312945962513
81,/Volumes/Publications/2023_Kalantari_AIDAqc/inputs/mri/new_studies/Ramos-Cabrer/RamosCabrer_6/20190312_125917_AE0818_rs_Cup_5_1_2/8,<BRUKER:EPI><T2STAR_FID_EPI_SAT>,rsfMRI_20190312_125917_AE0818_rs_Cup_5_1_2_82.png,0.18229167,0.18229167,0.6,False,19.277084817836542,0.005377298713995689
82,/Volumes/Publications/2023_Kalantari_AIDAqc/inputs/mri/new_studies/Ramos-Cabrer/RamosCabrer_6/20190312_125917_AE0818_rs_Cup_5_1_2/15,<BRUKER:EPI><T2STAR_FID_EPI_SAT>,rsfMRI_20190312_125917_AE0818_rs_Cup_5_1_2_83.png,0.18229167,0.18229167,0.6,False,34.87106468615332,0.006663430681947836
83,/Volumes/Publications/2023_Kalantari_AIDAqc/inputs/mri/new_studies/Ramos-Cabrer/RamosCabrer_6/20190312_125917_AE0818_rs_Cup_5_1_2/14,<BRUKER:EPI><T2STAR_FID_EPI_SAT>,rsfMRI_20190312_125917_AE0818_rs_Cup_5_1_2_84.png,0.18229167,0.18229167,0.6,False,34.901201175087394,0.011558464265648579
84,/Volumes/Publications/2023_Kalantari_AIDAqc/inputs/mri/new_studies/Ramos-Cabrer/RamosCabrer_6/20190508_094631_AE0818_rs_Cup_2_1_5/9,<BRUKER:EPI><T2STAR_FID_EPI_SAT>,rsfMRI_20190508_094631_AE0818_rs_Cup_2_1_5_85.png,0.18229167,0.18229167,0.6,False,33.06293856697725,0.01135748884587288
85,/Volumes/Publications/2023_Kalantari_AIDAqc/inputs/mri/new_studies/Ramos-Cabrer/RamosCabrer_6/20190508_094631_AE0818_rs_Cup_2_1_5/10,<BRUKER:EPI><T2STAR_FID_EPI_SAT>,rsfMRI_20190508_094631_AE0818_rs_Cup_2_1_5_86.png,0.18229167,0.18229167,0.6,False,32.48324699309322,0.009239701958255174
86,/Volumes/Publications/2023_Kalantari_AIDAqc/inputs/mri/new_studies/Ramos-Cabrer/RamosCabrer_6/20190508_094631_AE0818_rs_Cup_2_1_5/8,<BRUKER:EPI><T2STAR_FID_EPI_SAT>,rsfMRI_20190508_094631_AE0818_rs_Cup_2_1_5_87.png,0.18229167,0.18229167,0.6,False,19.63076052105978,0.04584114586080064
87,/Volumes/Publications/2023_Kalantari_AIDAqc/inputs/mri/new_studies/Ramos-Cabrer/RamosCabrer_6/20190312_140056_AE0818_rs_Cup_19_1_2/9,<BRUKER:EPI><T2STAR_FID_EPI_SAT>,rsfMRI_20190312_140056_AE0818_rs_Cup_19_1_2_88.png,0.18229167,0.18229167,0.6,False,34.395529598761385,0.016285972093383377
88,/Volumes/Publications/2023_Kalantari_AIDAqc/inputs/mri/new_studies/Ramos-Cabrer/RamosCabrer_6/20190312_140056_AE0818_rs_Cup_19_1_2/10,<BRUKER:EPI><T2STAR_FID_EPI_SAT>,rsfMRI_20190312_140056_AE0818_rs_Cup_19_1_2_89.png,0.18229167,0.18229167,0.6,False,34.3623975795995,0.012686164511467674
89,/Volumes/Publications/2023_Kalantari_AIDAqc/inputs/mri/new_studies/Ramos-Cabrer/RamosCabrer_6/20190312_140056_AE0818_rs_Cup_19_1_2/8,<BRUKER:EPI><T2STAR_FID_EPI_SAT>,rsfMRI_20190312_140056_AE0818_rs_Cup_19_1_2_90.png,0.18229167,0.18229167,0.6,False,19.925080134902085,0.006398985647197655
90,/Volumes/Publications/2023_Kalantari_AIDAqc/inputs/mri/new_studies/Ramos-Cabrer/RamosCabrer_6/20190417_110230_AE0818_rs_Cup_5_1_4/9,<BRUKER:EPI><T2STAR_FID_EPI_SAT>,rsfMRI_20190417_110230_AE0818_rs_Cup_5_1_4_91.png,0.18229167,0.18229167,0.6,False,18.742061257491777,0.002524186925306358
91,/Volumes/Publications/2023_Kalantari_AIDAqc/inputs/mri/new_studies/Ramos-Cabrer/RamosCabrer_6/20190417_110230_AE0818_rs_Cup_5_1_4/11,<BRUKER:EPI><T2STAR_FID_EPI_SAT>,rsfMRI_20190417_110230_AE0818_rs_Cup_5_1_4_92.png,0.18229167,0.18229167,0.6,False,33.92603053494169,0.021261272276416023
92,/Volumes/Publications/2023_Kalantari_AIDAqc/inputs/mri/new_studies/Ramos-Cabrer/RamosCabrer_6/20190417_110230_AE0818_rs_Cup_5_1_4/10,<BRUKER:EPI><T2STAR_FID_EPI_SAT>,rsfMRI_20190417_110230_AE0818_rs_Cup_5_1_4_93.png,0.18229167,0.18229167,0.6,False,33.323830794077686,0.03581876138247036
93,/Volumes/Publications/2023_Kalantari_AIDAqc/inputs/mri/new_studies/Ramos-Cabrer/RamosCabrer_6/20190225_122321_AE0818_rs_Cup_4_1_1/7,<BRUKER:EPI><T2STAR_FID_EPI_SAT>,rsfMRI_20190225_122321_AE0818_rs_Cup_4_1_1_94.png,0.18229167,0.18229167,0.6,False,19.19278356333339,0.011948829828844737
94,/Volumes/Publications/2023_Kalantari_AIDAqc/inputs/mri/new_studies/Ramos-Cabrer/RamosCabrer_6/20190225_122321_AE0818_rs_Cup_4_1_1/10,<BRUKER:EPI><T2STAR_FID_EPI_SAT>,rsfMRI_20190225_122321_AE0818_rs_Cup_4_1_1_95.png,0.18229167,0.18229167,0.6,False,35.393578845134485,0.0057969888687892475
95,/Volumes/Publications/2023_Kalantari_AIDAqc/inputs/mri/new_studies/Ramos-Cabrer/RamosCabrer_6/20190508_104333_AE0818_rs_Cup_3_1_5/9,<BRUKER:EPI><T2STAR_FID_EPI_SAT>,rsfMRI_20190508_104333_AE0818_rs_Cup_3_1_5_96.png,0.18229167,0.18229167,0.6,False,34.032187856722715,0.01463911513191044
96,/Volumes/Publications/2023_Kalantari_AIDAqc/inputs/mri/new_studies/Ramos-Cabrer/RamosCabrer_6/20190508_104333_AE0818_rs_Cup_3_1_5/10,<BRUKER:EPI><T2STAR_FID_EPI_SAT>,rsfMRI_20190508_104333_AE0818_rs_Cup_3_1_5_97.png,0.18229167,0.18229167,0.6,False,34.29223217755013,0.01072047133378986
97,/Volumes/Publications/2023_Kalantari_AIDAqc/inputs/mri/new_studies/Ramos-Cabrer/RamosCabrer_6/20190508_104333_AE0818_rs_Cup_3_1_5/8,<BRUKER:EPI><T2STAR_FID_EPI_SAT>,rsfMRI_20190508_104333_AE0818_rs_Cup_3_1_5_98.png,0.18229167,0.18229167,0.6,False,19.264878851195697,0.0064280161281757885
98,/Volumes/Publications/2023_Kalantari_AIDAqc/inputs/mri/new_studies/Ramos-Cabrer/RamosCabrer_6/20190417_100522_AE0818_rs_Cup_2_1_4/9,<BRUKER:EPI><T2STAR_FID_EPI_SAT>,rsfMRI_20190417_100522_AE0818_rs_Cup_2_1_4_99.png,0.18229167,0.18229167,0.6,False,19.35863362473855,0.0029365568111276823
99,/Volumes/Publications/2023_Kalantari_AIDAqc/inputs/mri/new_studies/Ramos-Cabrer/RamosCabrer_6/20190417_100522_AE0818_rs_Cup_2_1_4/11,<BRUKER:EPI><T2STAR_FID_EPI_SAT>,rsfMRI_20190417_100522_AE0818_rs_Cup_2_1_4_100.png,0.18229167,0.18229167,0.6,False,34.02797945169726,0.015045394434973826
100,/Volumes/Publications/2023_Kalantari_AIDAqc/inputs/mri/new_studies/Ramos-Cabrer/RamosCabrer_6/20190417_100522_AE0818_rs_Cup_2_1_4/10,<BRUKER:EPI><T2STAR_FID_EPI_SAT>,rsfMRI_20190417_100522_AE0818_rs_Cup_2_1_4_101.png,0.18229167,0.18229167,0.6,False,34.19147703462246,0.01496854174155175
101,/Volumes/Publications/2023_Kalantari_AIDAqc/inputs/mri/new_studies/Ramos-Cabrer/RamosCabrer_6/20190312_092424_AE0818_rs_Cup_2_1_2/9,<BRUKER:EPI><T2STAR_FID_EPI_SAT>,rsfMRI_20190312_092424_AE0818_rs_Cup_2_1_2_102.png,0.18229167,0.18229167,0.6,False,19.06621095728244,0.007045371103006839
102,/Volumes/Publications/2023_Kalantari_AIDAqc/inputs/mri/new_studies/Ramos-Cabrer/RamosCabrer_6/20190312_092424_AE0818_rs_Cup_2_1_2/11,<BRUKER:EPI><T2STAR_FID_EPI_SAT>,rsfMRI_20190312_092424_AE0818_rs_Cup_2_1_2_103.png,0.18229167,0.18229167,0.6,False,34.19066673568482,0.007762764556619371
103,/Volumes/Publications/2023_Kalantari_AIDAqc/inputs/mri/new_studies/Ramos-Cabrer/RamosCabrer_6/20190312_092424_AE0818_rs_Cup_2_1_2/10,<BRUKER:EPI><T2STAR_FID_EPI_SAT>,rsfMRI_20190312_092424_AE0818_rs_Cup_2_1_2_104.png,0.18229167,0.18229167,0.6,False,34.27147722726082,0.008885753860585474
104,/Volumes/Publications/2023_Kalantari_AIDAqc/inputs/mri/new_studies/Ramos-Cabrer/RamosCabrer_6/20191104_141604_AE0818_rs_Cup_1_1_7/8,<BRUKER:EPI><T2STAR_FID_EPI_SAT>,rsfMRI_20191104_141604_AE0818_rs_Cup_1_1_7_105.png,0.18229167,0.18229167,0.6,False,18.512960438980645,0.019830575891593795
105,/Volumes/Publications/2023_Kalantari_AIDAqc/inputs/mri/new_studies/Ramos-Cabrer/RamosCabrer_6/20191104_141604_AE0818_rs_Cup_1_1_7/15,<BRUKER:EPI><T2STAR_FID_EPI_SAT>,rsfMRI_20191104_141604_AE0818_rs_Cup_1_1_7_106.png,0.18229167,0.18229167,0.6,False,32.31461984994546,0.009025794597443819
106,/Volumes/Publications/2023_Kalantari_AIDAqc/inputs/mri/new_studies/Ramos-Cabrer/RamosCabrer_6/20191104_141604_AE0818_rs_Cup_1_1_7/14,<BRUKER:EPI><T2STAR_FID_EPI_SAT>,rsfMRI_20191104_141604_AE0818_rs_Cup_1_1_7_107.png,0.18229167,0.18229167,0.6,False,31.92733742119253,0.02568657634764967
107,/Volumes/Publications/2023_Kalantari_AIDAqc/inputs/mri/new_studies/Ramos-Cabrer/RamosCabrer_6/20190403_110622_AE0818_rs_Cup_19_1_3/9,<BRUKER:EPI><T2STAR_FID_EPI_SAT>,rsfMRI_20190403_110622_AE0818_rs_Cup_19_1_3_108.png,0.18229167,0.18229167,0.6,False,33.65595549824504,0.009483137389100567
108,/Volumes/Publications/2023_Kalantari_AIDAqc/inputs/mri/new_studies/Ramos-Cabrer/RamosCabrer_6/20190403_110622_AE0818_rs_Cup_19_1_3/10,<BRUKER:EPI><T2STAR_FID_EPI_SAT>,rsfMRI_20190403_110622_AE0818_rs_Cup_19_1_3_109.png,0.18229167,0.18229167,0.6,False,33.38465991685801,0.011717886807087623
109,/Volumes/Publications/2023_Kalantari_AIDAqc/inputs/mri/new_studies/Ramos-Cabrer/RamosCabrer_6/20190403_110622_AE0818_rs_Cup_19_1_3/8,<BRUKER:EPI><T2STAR_FID_EPI_SAT>,rsfMRI_20190403_110622_AE0818_rs_Cup_19_1_3_110.png,0.18229167,0.18229167,0.6,False,19.015048414843985,0.0047177899525775455
